Residue,Closest,Distance,Specific Interactions,# HB,"# Salt
Bridges","# Pi
Stacking","#
Disulfides","# vdW
Clash","Surface
Complementarity","Buried
SASA"
A:88:Lys,,,,0,0,0,0,0,0.00,16.0%
A:94:Asn,"H:54:Asn
H:53:Tyr","3.1 A
3.4 A",1x hb to H:54:Asn,1,0,0,0,0,0.82,80.0%
H:64:Lys,A:87:Asp,2.5 A,"1x hb, 1x salt bridge, 5x clash to A:87:Asp",1,1,0,0,5,0.00,30.1%
A:91:His,H:57:Thr,3.2 A,,0,0,0,0,0,0.95,51.6%
H:29:Thr,A:42:Pro,3.5 A,,0,0,0,0,0,0.68,38.5%
A:87:Asp,H:64:Lys,2.5 A,"1x hb, 1x salt bridge, 5x clash to H:64:Lys",1,1,0,0,5,0.00,43.8%
H:57:Thr,A:91:His,3.2 A,,0,0,0,0,0,0.95,60.5%
H:100:Tyr,"A:169:Lys
A:50:Pro
A:172:Asp
A:49:Gln
A:171:Asn","2.7 A
3.2 A
3.2 A
3.2 A
3.9 A",1x hb to A:169:Lys,1,0,0,0,0,0.76,86.3%
A:174:Thr,,,,0,0,0,0,0,0.24,87.6%
A:45:Glu,,,,0,0,0,0,0,0.00,36.3%
H:55:Gly,,,,0,0,0,0,0,0.00,2.8%
H:58:Ser,,,,0,0,0,0,0,0.00,17.7%
L:49:Lys,,,,0,0,0,0,0,0.16,19.0%
H:59:Tyr,,,,0,0,0,0,0,0.00,3.1%
L:92:Asn,,,,0,0,0,0,0,0.00,0.2%
A:54:Pro,,,,0,0,0,0,0,0.00,15.2%
A:209:Gln,"H:26:Tyr
H:101:Tyr","2.8 A
2.9 A","1x hb to H:26:Tyr
1x clash to H:101:Tyr",1,0,0,0,1,0.75,65.5%
A:96:Thr,,,,0,0,0,0,0,0.00,3.9%
A:42:Pro,"H:30:Asp
H:29:Thr
H:53:Tyr","3.5 A
3.5 A
3.8 A",,0,0,0,0,0,0.70,59.4%
L:94:Trp,,,,0,0,0,0,0,0.00,14.1%
H:98:Tyr,A:172:Asp,3.5 A,,0,0,0,0,0,0.78,26.5%
A:211:Gly,,,,0,0,0,0,0,0.00,29.9%
A:43:Ser,H:30:Asp,2.9 A,1x hb to H:30:Asp,1,0,0,0,0,0.00,67.6%
A:41:Gln,H:53:Tyr,3.2 A,2x clash to H:53:Tyr,0,0,0,0,2,0.70,84.9%
A:210:Gln,,,,0,0,0,0,0,0.00,5.8%
A:48:Phe,H:101:Tyr,3.7 A,,0,0,0,0,0,0.55,9.6%
A:49:Gln,H:100:Tyr,3.2 A,,0,0,0,0,0,0.71,92.7%
A:50:Pro,"H:100:Tyr
H:101:Tyr","3.2 A
3.9 A",,0,0,0,0,0,0.70,73.2%
A:92:Thr,,,,0,0,0,0,0,0.00,9.6%
A:46:Asp,H:101:Tyr,2.8 A,1x hb to H:101:Tyr,1,0,0,0,0,0.57,34.1%
L:50:Phe,,,,0,0,0,0,0,0.11,8.4%
H:27:Ser,,,,0,0,0,0,0,0.00,46.5%
A:171:Asn,"H:53:Tyr
H:54:Asn
H:100:Tyr","2.8 A
3.1 A
3.9 A","1x hb to H:53:Tyr
1x hb to H:54:Asn",2,0,0,0,0,0.59,58.9%
H:53:Tyr,"A:171:Asn
A:41:Gln
A:94:Asn
A:42:Pro","2.8 A
3.2 A
3.4 A
3.8 A","2x clash to A:41:Gln
1x hb to A:171:Asn",1,0,0,0,2,0.65,74.9%
A:205:Ser,,,,0,0,0,0,0,0.00,14.3%
H:30:Asp,"A:43:Ser
A:42:Pro","2.9 A
3.5 A",1x hb to A:43:Ser,1,0,0,0,0,0.70,75.9%
A:169:Lys,H:100:Tyr,2.7 A,1x hb to H:100:Tyr,1,0,0,0,0,0.78,97.0%
H:54:Asn,"A:171:Asn
A:94:Asn","3.1 A
3.1 A","1x hb to A:94:Asn
1x hb to A:171:Asn",2,0,0,0,0,0.78,45.1%
A:40:Ile,,,,0,0,0,0,0,0.00,7.5%
H:101:Tyr,"A:46:Asp
A:209:Gln
A:48:Phe
A:50:Pro","2.8 A
2.9 A
3.7 A
3.9 A","1x hb to A:46:Asp
1x clash to A:209:Gln",1,0,0,0,1,0.63,56.9%
A:52:Ser,,,,0,0,0,0,0,0.00,15.2%
H:56:Gly,,,,0,0,0,0,0,0.00,33.8%
H:26:Tyr,A:209:Gln,2.8 A,1x hb to A:209:Gln,1,0,0,0,0,0.64,33.7%
L:30:Asn,,,,0,0,0,0,0,0.00,24.9%
H:49:Leu,,,,0,0,0,0,0,0.00,0.7%
A:172:Asp,"H:51:Asn
H:32:Thr
H:100:Tyr
H:98:Tyr","2.9 A
3.0 A
3.2 A
3.5 A","3x clash to H:32:Thr
1x hb to H:51:Asn",1,0,0,0,3,0.76,83.0%
L:53:Gln,,,,0,0,0,0,0,0.05,11.1%
H:51:Asn,A:172:Asp,2.9 A,1x hb to A:172:Asp,1,0,0,0,0,0.69,76.7%
H:32:Thr,A:172:Asp,3.0 A,3x clash to A:172:Asp,0,0,0,0,3,0.72,95.3%
A:85:Ser,,,,0,0,0,0,0,0.00,24.2%
